book_title,author,isbn
A Century of Plenty,"Sven Smit, Chris Bradley, Nick Leung, Marc Canal, Janet Bush, Sherlyn Chen, Suhayl Chettih, Jan Mischke, Jeongmin Seong",9781119642207
Am I Overthinking This?,Michelle Rial,9781797200660
Bert and the Broken Teapot,Tish Rabe,9780593094740
Build a Large Language Model (From Scratch),Sebastian Raschka,1638355738
Charisma on Command,Charlie Houpert,9781947200005
Day Trading Attention,Gary Vaynerchuk,9780062885000
Days Can Be Sunny for Bunnies and Money,Tish Rabe,9780593095090
Discipline Equals Freedom,Jocko Willink,9781250156945
Dominion,Chad Ripperger,9798416012076
Economic Possibilities for Our Grandchildren,John Maynard Keynes,9781614270520
Entertaining,Martha Stewart,9780307464878
Ford vs. Ferrari: The Battle for Supremacy at Le Mans,Preston Lerner,9781611688230
Generative AI and Stochastic Thermodynamics,Prof. Max Welling,
Introduction to the Science of Mental Health,Chad Ripperger,9780974541945
"Jab, Jab, Jab, Right Hook: How to Tell Your Story in a Noisy Social World",Gary Vaynerchuk,9780062273060
Killers of Roe,Amy Littlefield,9781645030205
"Kindness is Caring, Friendship is Sharing",Tish Rabe,9780593203287
Learn Python the Hard Way,Zed A. Shaw,9780134693340
Living with the Seal,"Wim Hof, Koen de Jong",9781942952020
"Maker's Schedule, Manager's Schedule",Paul Graham,9781416544000
Minister Without Portfolio: Memoir of a Reluctant Exile,Human Majid,
Myers-Briggs Type Indicator Manual,Isabel Briggs Myers and Mary H. McCaulley,9780891061740
Mystic by the Sea,Tish Rabe,9780593203282
Navalmanack,Eric Jorgensen,9781732021000
Occult Feminism: The Secret History of Women's Liberation,Rachel Wilson,9798783546365
"Ready, Fire, Aim",Michael Masterson (Mark Ford),9781599181000
Rose and Tulip Quilts,,9780891459378
Simple But Not Easy: An Autobiographical and Biographical View of the Investment World,Richard Oldfield,
Stuck in Space: An Astronaut's Hope Through the Unexpected,Butch Wilmore,9781642010865
Sweet Dreams,Tish Rabe,9780593094900
Tax Strategies Book Bundle,Amanda Han,9781947200005
The Beato Book,Rick Beato,9781544402005
The Billion Dollar Creator,Nathan Barry,9781733642000
The Brus,John Barber,
"The Dark Knight Manual: Tools, Weapons, Vehicles and Documents from the Batcave",Brandon T. Snider,9781608870075
The Hybrid Athlete,Alex Viada,9781937715080
The Mars and Hershey Wars: The Inside Story of the $30 Billion Candy Giants,Joël Glenn Brenner,9781451681987
The Math Academy Way,null,9798339129745
The New Attachment Theory: Heal Every Relationship by Rewiring Your Brain and Nervous System,Thais Gibson,9781735863900
The Paradox of Declining Female Happiness,Betsey Stevenson and Justin Wolfers,9781400839204
The Price of Everything: Sol Price and the Creation of Costco,Jeffrey J. Kripal,
The Rolex Story,Gisbert L. Brunner,9780760348855
The Sheikh CEO,Dr. Yasar Jarrar,9781785961106
Triggers: 30 Sales Tools You Can Use to Control the Mind of Your Prospect,Joe Sugarman,9781119471204
Unabridged: The Thrill of and Threat to Modern Dictionaries,Stefan Fatsis,0802165826
Understanding Media: The Extensions of Man,Marshall McLuhan,9781584232024
Understanding the Matthew Effect,Mark Wilburn,9798985716818
Uneducated: My Life as a Teacher and Why You Should Never Become One,Francis Foster,9780349021492
Ungifted: Intelligence Redefined,Scott Barry Kaufman,9780525538580
Unleash the Power Within,Tony Robbins,9781451621740
Unshakeable: Your Financial Freedom Playbook,Tony Robbins,9781401954010
Vaccines and Men,Aaron Siri,9798992423006
Vaccines: Amen,Aaron Siri,9788266068590
Vec As In Wreck,Bill Veeck,
Vibe Coding,Steve Yegge and Gene Kim,9798296734372
War Games,David Bischoff,9780451530691
War of Art,Steven Pressfield,9781936891023
War of the Worlds,H.G. Wells,9780451532080
Warhammer: The Horus Heresy,Games Workshop,9781784960302
Warn,Sophie Tannhauser,
Warren Buffett and the Interpretation of Financial Statements,Mary Buffett and David Clark,9781416573188
We Are the Bad Guys,Michael Lester,9798999255600
Wealthy Barber,David Chilton,9781459731000
Weapons of Mass Instruction,John Taylor Gatto,9781933338002
Well Endowed,Vivian Tu,0063452324
Werewolves in Their Youth,Michael Chabon,9780060956430
What Would Charles Darwin Think About Clean Slate Architectures?,Unknown,
What to Make of a Life,Jim Collins,9780062932020
Where Are the Customers’ Yachts?,Fred Schwed Jr.,9781119471200
Where We Keep the Light: Stories from a Life of Service,Josh Shapiro,9780063463929
Who Killed Jane Stanford?,Richard White,9780190258620
Who Moved My Cheese?,Spencer Johnson,9780399144482
Why Fish Don’t Exist,Lulu Miller,9781643130015
Wild Problems,Russ Roberts,9781942952000
Windswept House: A Vatican Novel,Malachi Martin,9780060653191
Winning,Tim Grover,9781982132488
Wisdom Wide and Deep,Shaila Catherine,9781611800005
"Witches, Feminism, and the Fall of the West",Edward Dutton,9781593680794
"Words That Work: It's Not What You Say, It's What People Hear",Frank Luntz,9781400083270
Worn: A People's History of Clothing,Sofi Thanhauser,9780593134205
You Can Be a Stock Market Genius,Joel Greenblatt,9780684840070
You Can't Teach Hungry,John Morgan,9781119640805
You Can't Teach Vision,John Morgan,9781941007389
You Could Be Having Better Sex,Dr. Nicole McNichols,9780306873898
You Have More Influence Than You Think,Vanessa Bohns,9781647820010
You Need a Budget,Jesse Mecham,9781941529000
You to the Power of Two: Redefining Human Potential in the Age of Identic AI,"Joseph Bradley, Don Tapscott",9781637747858
"Young Forever: The Secrets to Living Your Longest, Healthiest Life",Mark Hyman,9781401961780
Young Man in a Hurry,Gavin Newsom,1847929478
Your Individual Empire,Gary Vaynerchuk,0063317656
Your Life in Weeks,Tim Urban,9780593135942
Your Personal Paleo Code,Chris Kresser,9781628600200
Zeckendorf,William Zeckendorf,9780961897208
"Zero to One: Notes on Startups, or How to Build the Future",Peter Thiel,9780804139298
"iGen: Why Today's Super-Connected Kids Are Growing Up Less Rebellious, More Tolerant, Less Happy - and Completely Unprepared for Adulthood",Jean M. Twenge,9781501151989
