Podcast Name,iTunes URL
.NET Rocks,https://podcasts.apple.com/podcast/id130068596
10 Minute Mindset - Actionable Self Development With Scott Clary,https://podcasts.apple.com/podcast/id1484783544
99% Invisible,https://podcasts.apple.com/podcast/id394775318
Accidental Tech Podcast,https://podcasts.apple.com/podcast/id617416468
Acquired,https://podcasts.apple.com/podcast/id1050462261
Acquiring Minds,https://podcasts.apple.com/podcast/id1569715379
Afford Anything,https://podcasts.apple.com/podcast/id1079598542
All the Hacks,https://podcasts.apple.com/podcast/id1560751222
All-In Podcast,https://podcasts.apple.com/podcast/id1502871393
Animal Spirits,https://podcasts.apple.com/podcast/id1310192007
Armchair Expert with Dax Shepard,https://podcasts.apple.com/podcast/id1345682353
At The Table with Patrick Lencioni,https://podcasts.apple.com/podcast/id1474171732
BG2 Pod,https://podcasts.apple.com/podcast/id1727278168
Big Technology Podcast,https://podcasts.apple.com/podcast/id1522960417
BigDeal,https://podcasts.apple.com/podcast/id1736593333
BiggerPockets Real Estate,https://podcasts.apple.com/podcast/id594419649
Breaking Points,https://podcasts.apple.com/podcast/id1570045623
Build with Maggie Crowley,https://podcasts.apple.com/podcast/id1445050691
Business Breakdowns,https://podcasts.apple.com/podcast/id1559120677
CBS Mornings on the Go,https://podcasts.apple.com/podcast/id1487204915
Call Her Daddy,https://podcasts.apple.com/podcast/id1418960261
Capital Allocators,https://podcasts.apple.com/podcast/id1223764016
ChooseFI,https://podcasts.apple.com/podcast/id1187770032
Citations Needed,https://podcasts.apple.com/podcast/id1258545975
Coaching for Leaders,https://podcasts.apple.com/podcast/id458827716
Cognitive Revolution,https://podcasts.apple.com/podcast/id1669813431
Compound Insights,https://podcasts.apple.com/podcast/id1491984289
Conan O'Brien Needs a Friend,https://podcasts.apple.com/podcast/id1438054347
Conversations with Tyler,https://podcasts.apple.com/podcast/id983795625
Culture of Code Podcast - The Podcast for Indie Hackers,https://podcasts.apple.com/podcast/id1206165808
DTC Podcast,https://podcasts.apple.com/podcast/id1514561839
Daily Stoic,https://podcasts.apple.com/podcast/id1430315931
Dare to Lead with Brené Brown,https://podcasts.apple.com/podcast/id1730985049
Darknet Diaries,https://podcasts.apple.com/podcast/id1296350485
Decoder with Nilay Patel,https://podcasts.apple.com/podcast/id1011668648
Deep Questions with Cal Newport,https://podcasts.apple.com/podcast/id1515786216
Design Soapbox - A Design Thinking Podcast,https://podcasts.apple.com/podcast/id1550800132
Dwarkesh Podcast,https://podcasts.apple.com/podcast/id1516093381
"EconTalk Archives, 2006",https://podcasts.apple.com/podcast/id135066958
Entrepreneurs on Fire,https://podcasts.apple.com/podcast/id564001633
Equity,https://podcasts.apple.com/podcast/id1215439780
Exponent,https://podcasts.apple.com/podcast/id826420969
Exponential View with Azeem Azhar,https://podcasts.apple.com/podcast/id1172218725
Eye on AI,https://podcasts.apple.com/podcast/id1438378439
Financial Audit with Caleb Hammer,https://podcasts.apple.com/podcast/id1691595080
FoundMyFitness,https://podcasts.apple.com/podcast/id818198322
Founders,https://podcasts.apple.com/podcast/id1141877104
Freakonomics Radio,https://podcasts.apple.com/podcast/id354668519
Fresh Air,https://podcasts.apple.com/podcast/id214089682
Future of Life Institute Podcast,https://podcasts.apple.com/podcast/id1170991978
Global News Podcast,https://podcasts.apple.com/podcast/id135067274
Gradient Dissent,https://podcasts.apple.com/podcast/id1504567418
HBR IdeaCast,https://podcasts.apple.com/podcast/id152022135
Hard Fork,https://podcasts.apple.com/podcast/id1528594034
Hidden Brain,https://podcasts.apple.com/podcast/id1028908750
House Call With Dr. Hyman,https://podcasts.apple.com/podcast/id1382804627
How I Built This,https://podcasts.apple.com/podcast/id1150510297
Huberman Lab,https://podcasts.apple.com/podcast/id1545953110
Impact Theory,https://podcasts.apple.com/podcast/id1191775648
In Our Time,https://podcasts.apple.com/podcast/id73330895
Inox - Single,https://podcasts.apple.com/podcast/id1682409647
Invest Like the Best,https://podcasts.apple.com/podcast/id1154105909
InvestED with Phil & Danielle Town,https://podcasts.apple.com/podcast/id1008452319
InvestTalk,https://podcasts.apple.com/podcast/id280789489
Jocko Podcast,https://podcasts.apple.com/podcast/id1070322219
Joe Lonsdale: American Optimist,https://podcasts.apple.com/podcast/id1573141757
Joys of Compounding,https://podcasts.apple.com/podcast/id1825201965
Land of the Giants,https://podcasts.apple.com/podcast/id1465767420
Last Week in AI,https://podcasts.apple.com/podcast/id1502782720
Latent Space,https://podcasts.apple.com/podcast/id1674008350
Lenny's Podcast,https://podcasts.apple.com/podcast/id1627920305
Lex Fridman Podcast,https://podcasts.apple.com/podcast/id1434243584
Machine Learning Street Talk,https://podcasts.apple.com/podcast/id1510472996
Macro Musings,https://podcasts.apple.com/podcast/id1099277290
Making Bank: A Black Flag DAO Podcast (formerly Bankless DAO),https://podcasts.apple.com/podcast/id1499409058
Making Sense with Sam Harris,https://podcasts.apple.com/podcast/id733163012
Marketing Against the Grain,https://podcasts.apple.com/podcast/id1616700934
Marketing School,https://podcasts.apple.com/podcast/id1138869817
Masters in Business,https://podcasts.apple.com/podcast/id730188152
Masters of Scale,https://podcasts.apple.com/podcast/id1227971746
Meb Faber Show,https://podcasts.apple.com/podcast/id1128955736
Mixergy,https://podcasts.apple.com/podcast/id348690336
Modern CTO,https://podcasts.apple.com/podcast/id1325942361
Modern Wisdom,https://podcasts.apple.com/podcast/id1347973549
Money For the Rest of Us,https://podcasts.apple.com/podcast/id883011006
Moneywise,https://podcasts.apple.com/podcast/id1725976637
Moonshots with Peter Diamandis,https://podcasts.apple.com/podcast/id1648228034
My First Million,https://podcasts.apple.com/podcast/id1469759170
My Ways (feat. Lil Jokey) - Single,https://podcasts.apple.com/podcast/id1640878689
NBC Nightly News,https://podcasts.apple.com/podcast/id75462585
Navigating Wealth,https://podcasts.apple.com/podcast/id1848166539
New Heights with Jason & Travis Kelce,https://podcasts.apple.com/podcast/id1643745036
No Bullsh!t Leadership,https://podcasts.apple.com/podcast/id1434654553
No Priors,https://podcasts.apple.com/podcast/id1668002688
Odd Lots,https://podcasts.apple.com/podcast/id1056200096
Office Ladies,https://podcasts.apple.com/podcast/id1480311435
Ologies with Alie Ward,https://podcasts.apple.com/podcast/id1278815517
On Purpose with Jay Shetty,https://podcasts.apple.com/podcast/id1450994021
Optimal Living Daily,https://podcasts.apple.com/podcast/id1067688314
Philosophize This!,https://podcasts.apple.com/podcast/id659155419
Pivot,https://podcasts.apple.com/podcast/id1073226719
Planet Money,https://podcasts.apple.com/podcast/id290783428
Pod Save America,https://podcasts.apple.com/podcast/id1192761536
Post Reports,https://podcasts.apple.com/podcast/id1444873564
Practical AI,https://podcasts.apple.com/podcast/id1406537385
Product Hunt Radio,https://podcasts.apple.com/podcast/id862714883
Prof G Markets,https://podcasts.apple.com/podcast/id1744631325
Radiolab,https://podcasts.apple.com/podcast/id152249110
Rational Reminder,https://podcasts.apple.com/podcast/id1426530582
Real Vision Daily Briefing,https://podcasts.apple.com/podcast/id1210383304
Rich Roll Podcast,https://podcasts.apple.com/podcast/id582272991
Rising,https://podcasts.apple.com/podcast/id1613099061
SaaS Revolution Show,https://podcasts.apple.com/podcast/id985731540
Science Friday,https://podcasts.apple.com/podcast/id73329284
Science Vs,https://podcasts.apple.com/podcast/id1051557000
Search Engine,https://podcasts.apple.com/podcast/id1614253637
Shawn Ryan Show,https://podcasts.apple.com/podcast/id1492492083
SmartLess,https://podcasts.apple.com/podcast/id1521578868
Software Engineering Daily,https://podcasts.apple.com/podcast/id1019576853
StarTalk Radio,https://podcasts.apple.com/podcast/id325404506
Startups For the Rest of Us,https://podcasts.apple.com/podcast/id366931951
Stay Tuned with Preet,https://podcasts.apple.com/podcast/id1265845136
Stuff You Should Know,https://podcasts.apple.com/podcast/id278981407
SuperDataScience Podcast,https://podcasts.apple.com/podcast/id1163599059
TBPN,https://podcasts.apple.com/podcast/id1772360235
TED Talks Daily,https://podcasts.apple.com/podcast/id160904630
TWIML AI Podcast,https://podcasts.apple.com/podcast/id1116303051
Techmeme Ride Home,https://podcasts.apple.com/podcast/id1355212895
Ten Percent Happier,https://podcasts.apple.com/podcast/id1087147821
The $100 MBA Show,https://podcasts.apple.com/podcast/id906218859
The AI Breakdown,https://podcasts.apple.com/podcast/id1438693620
The AI Daily Brief,https://podcasts.apple.com/podcast/id1680633614
The Amy Porterfield Show,https://podcasts.apple.com/podcast/id594703545
The Art of Manliness,https://podcasts.apple.com/podcast/id332516054
The Ben Shapiro Show,https://podcasts.apple.com/podcast/id1047335260
The Big Picture,https://podcasts.apple.com/podcast/id1439252196
The Bootstrapped Founder,https://podcasts.apple.com/podcast/id1497896808
The Changelog,https://podcasts.apple.com/podcast/id341623264
The Clark Howard Podcast,https://podcasts.apple.com/podcast/id207724573
The Compound and Friends,https://podcasts.apple.com/podcast/id1456467014
The Daily,https://podcasts.apple.com/podcast/id1200361736
The Daily Charge,https://podcasts.apple.com/podcast/id1091374076
The Daily Stoic,https://podcasts.apple.com/podcast/id1430315667
The Data Exchange Podcast,https://podcasts.apple.com/podcast/id1487704458
The Diary of a CEO with Steven Bartlett,https://podcasts.apple.com/podcast/id1291423644
The Driverless Digest Podcast,https://podcasts.apple.com/podcast/id1811181944
The Economist Podcasts,https://podcasts.apple.com/podcast/id151230264
The Ed Mylett Show,https://podcasts.apple.com/podcast/id1181233130
The EntreLeadership Podcast,https://podcasts.apple.com/podcast/id435836905
The Ezra Klein Show,https://podcasts.apple.com/podcast/id1548604447
The Game with Alex Hormozi,https://podcasts.apple.com/podcast/id1254720112
The GaryVee Audio Experience,https://podcasts.apple.com/podcast/id928159684
The Gist,https://podcasts.apple.com/podcast/id873667927
The Gray Area with Sean Illing,https://podcasts.apple.com/podcast/id1081584611
The Happiness Lab,https://podcasts.apple.com/podcast/id1474245040
The Iced Coffee Hour,https://podcasts.apple.com/podcast/id1515070058
The Indicator from Planet Money,https://podcasts.apple.com/podcast/id1320118593
The Intelligence from The Economist,https://podcasts.apple.com/podcast/id1449631195
The Intrinsic Value Podcast,https://podcasts.apple.com/podcast/id1477323816
The James Altucher Show,https://podcasts.apple.com/podcast/id794030859
The Joe Rogan Experience,https://podcasts.apple.com/podcast/id360084272
The Jordan Harbinger Show,https://podcasts.apple.com/podcast/id1344999619
The Journal,https://podcasts.apple.com/podcast/id1469394914
The Knowledge Project,https://podcasts.apple.com/podcast/id990149481
The Lean AI Podcast presented by Eric Ries,https://podcasts.apple.com/podcast/id1744818044
The Learning Leader Show,https://podcasts.apple.com/podcast/id985396258
The Life Coach School Podcast,https://podcasts.apple.com/podcast/id870239631
The Logan Bartlett Show,https://podcasts.apple.com/podcast/id1606770839
The Long View,https://podcasts.apple.com/podcast/id1462214964
The McKinsey Podcast,https://podcasts.apple.com/podcast/id285260960
The Megyn Kelly Show,https://podcasts.apple.com/podcast/id1532976305
The MeidasTouch Podcast,https://podcasts.apple.com/podcast/id1510240831
The Mel Robbins Podcast,https://podcasts.apple.com/podcast/id1646101002
The Model Health Show,https://podcasts.apple.com/podcast/id640246578
The Money Guy Show,https://podcasts.apple.com/podcast/id121362031
The Official SaaStr Podcast,https://podcasts.apple.com/podcast/id1089973241
The One You Feed,https://podcasts.apple.com/podcast/id792555885
The Peter Attia Drive,https://podcasts.apple.com/podcast/id1400828889
The Pitch,https://podcasts.apple.com/podcast/id1008577710
The Pomp Podcast,https://podcasts.apple.com/podcast/id1434060078
The Pragmatic Engineer,https://podcasts.apple.com/podcast/id1769051199
The Product Podcast,https://podcasts.apple.com/podcast/id1219400787
The Prof G Pod with Scott Galloway,https://podcasts.apple.com/podcast/id1498802610
The Psychology Podcast,https://podcasts.apple.com/podcast/id942777522
The Ramsey Show,https://podcasts.apple.com/podcast/id77001367
The Rest Is Politics,https://podcasts.apple.com/podcast/id1611374685
The Rest is History,https://podcasts.apple.com/podcast/id1537788786
The Rewatchables,https://podcasts.apple.com/podcast/id1268527882
The SaaS CFO,https://podcasts.apple.com/podcast/id1579374247
The SaaS Podcast,https://podcasts.apple.com/podcast/id916927819
The School of Greatness,https://podcasts.apple.com/podcast/id596047499
The Side Hustle Show,https://podcasts.apple.com/podcast/id655135292
The Skinny Confidential Him & Her Podcast,https://podcasts.apple.com/podcast/id1093028505
The Startup Chat with Steli and Hiten,https://podcasts.apple.com/podcast/id997616345
The Strategy Skills Podcast,https://podcasts.apple.com/podcast/id1021817294
The Tim Ferriss Show,https://podcasts.apple.com/podcast/id863897795
The Tony Robbins Podcast,https://podcasts.apple.com/podcast/id1098413063
The Tropical MBA,https://podcasts.apple.com/podcast/id325757845
The Twenty Minute VC,https://podcasts.apple.com/podcast/id958230465
The Ultimate Human with Gary Brecka,https://podcasts.apple.com/podcast/id1709740887
The Vergecast,https://podcasts.apple.com/podcast/id430333725
This American Life,https://podcasts.apple.com/podcast/id201671138
This Week in Startups,https://podcasts.apple.com/podcast/id315114957
"Today, Explained",https://podcasts.apple.com/podcast/id1346207297
"Total Greatness with Sam Barry | Interviewing World Class Guests in Health, Wealth & Spirituality",https://podcasts.apple.com/podcast/id944627155
Unchained,https://podcasts.apple.com/podcast/id1123922160
Unhedged,https://podcasts.apple.com/podcast/id1691284824
Up First,https://podcasts.apple.com/podcast/id1222114325
Valuetainment,https://podcasts.apple.com/podcast/id1298070041
Waveform: The MKBHD Podcast,https://podcasts.apple.com/podcast/id1474429475
We Study Billionaires,https://podcasts.apple.com/podcast/id928933489
Wealthy Way,https://podcasts.apple.com/podcast/id1553512740
WorkLife with Adam Grant,https://podcasts.apple.com/podcast/id1346314086
Y Combinator Podcast,https://podcasts.apple.com/podcast/id1236907421
Young and Profiting with Hala Taha,https://podcasts.apple.com/podcast/id1368888880
a16z Podcast,https://podcasts.apple.com/podcast/id842818711
abc-world-news-this-week,https://podcasts.apple.com/podcast/id91959525
bloomberg-technology,https://podcasts.apple.com/podcast/id1611767434
checks-and-balance,https://podcasts.apple.com/podcast/id1494037881
choiceology-with-katy-milkman,https://podcasts.apple.com/podcast/id1337886873
daily-beans,https://podcasts.apple.com/podcast/id1473747182
democracy-now,https://podcasts.apple.com/podcast/id73802554
empowerHER,https://podcasts.apple.com/podcast/id1444456380
goal-digger,https://podcasts.apple.com/podcast/id1178704872
high-performance-podcast,https://podcasts.apple.com/podcast/id1500444735
infinite-monkey-cage,https://podcasts.apple.com/podcast/id343580439
influencer-podcast,https://podcasts.apple.com/podcast/id1229064009
information-411,https://podcasts.apple.com/podcast/id1456962981
intelligence-squared-u-s-debates,https://podcasts.apple.com/podcast/id708371900
lexicon-valley,https://podcasts.apple.com/podcast/id1576564760
majority-report,https://podcasts.apple.com/podcast/id402306412
marketing-book-podcast,https://podcasts.apple.com/podcast/id961463317
marketplace-tech,https://podcasts.apple.com/podcast/id73330855
mind-your-business-podcast,https://podcasts.apple.com/podcast/id1074394632
motley-fool-money,https://podcasts.apple.com/podcast/id306106212
next-wave,https://podcasts.apple.com/podcast/id1738550343
no-stupid-questions,https://podcasts.apple.com/podcast/id1510056899
pucks-the-powers-that-be,https://podcasts.apple.com/podcast/id1586269186
redacted,https://podcasts.apple.com/podcast/id1535249499
rethinking-with-adam-grant,https://podcasts.apple.com/podcast/id1554567118
skeptics-guide-to-the-universe,https://podcasts.apple.com/podcast/id128859062
slate-money,https://podcasts.apple.com/podcast/id876523888
social-media-marketing-podcast,https://podcasts.apple.com/podcast/id549899114
social-proof,https://podcasts.apple.com/podcast/id1374373035
white-coat-investor-podcast,https://podcasts.apple.com/podcast/id1197082547
you-are-not-so-smart,https://podcasts.apple.com/podcast/id521594713
young-turks,https://podcasts.apple.com/podcast/id597919007
