book_title,author
$100M Money Models,Alex Hormozi
$100M Offers,Alex Hormozi
100 Baggers: Stocks That Return 100-to-1 and How to Find Them,Christopher Mayer
1619: 20 Africans,Stephen Hanks
22 Faces,Judy Byington
7 Powers,Hamilton Helmer
9 Months That Count Forever,Jessie Inchauspé
A Better Paradise,Dan Houser
A Century of Plenty,"Sven Smit, Chris Bradley, Nick Leung, Marc Canal, Janet Bush, Sherlyn Chen, Suhayl Chettih, Jan Mischke, Jeongmin Seong"
A Guy Like Me,John Scott
A Liberating Vision,John Vasconcellos
A Man for All Markets,Edward O. Thorp
"A Marriage at Sea: A True Story of Love, Obsession, and Shipwreck",null
A People's History of the United States,Howard Zinn
A Technique for Producing Ideas,James Webb Young
Adventures of a Lifetime: A Memoir,John Catsimatidis
Adventures of a Lifetime: Travel Tales from Around the World,Lonely Planet
Against the Odds,James Dyson
Ake: The Years of Childhood,Wole Soyinka
"Alchemy: The Dark Art and Curious Science of Creating Magic in Brands, Business, and Life",Rory Sutherland
Alice's Adventures in Wonderland,Lewis Carroll
"All That's Holy: A Young Guy, an Old Car, and the Search for God in America",Tom Levinson
Am I Overthinking This?,Michelle Rial
Amazon Unbound,Brad Stone
American Beauties,Joe Cunningham
"American Carnage: How Trump, Musk, and Doge Butchered the U.S. Government",Sasha Abramsky
American Colossus,H. W. Brands
Amp It Up,Frank Slootman
Arctic Dreams,Barry Lopez
Arnold: The Education of a Bodybuilder,Arnold Schwarzenegger
Art & Fear: Observations on the Perils (and Rewards) of Artmaking,David Bayles and Ted Orland
Art and Fear: Observations on the Perils (and Rewards) of Artmaking,David Bayles and Ted Orland
Ask and It Is Given,Esther and Jerry Hicks
Atlas Shrugged,Ayn Rand
Atomic Habits: An Easy & Proven Way to Build Good Habits & Break Bad Ones,James Clear
Attached: The New Science of Adult Attachment and How It Can Help You Find—and Keep—Love,Dr Sophie Mort
Awaken the Giant Within,Tony Robbins
Becoming Bulletproof,Evy Poumpouras
Benghazi: Know Thy Enemy,Sarah Adams
Bert and the Broken Teapot,Tish Rabe
Betrayal of Command,Asad Khan
Better Than a Touchdown,Jalen Hurts
Beyond Distraction,Shaila Catherine
Blitzscaling,Reid Hoffman and Chris Yeh
Blowback: A Warning to Save Democracy from the Next Trump,Rachel Maddow
Books by Sarah Paine,Sarah Paine
Breakneck,Dan Wang
Build a Brand Like Trader Joe's,Mark Gardiner
Build a Large Language Model (From Scratch),Sebastian Raschka
Build a Reasoning Model (From Scratch),Sebastian Raschka
Building a Business You Love,Dave Ramsey
Built to Sell,John Warrillow
Business Adventures,John Brooks
Buy Then Build,Walker Deibel
CEO Ready: What You Need to Know to Earn the Job and Keep the Job,"Mark Thompson, Byron Loflin"
Cable Cowboy,Mark Robichaux
Capitalizing on Chaos,Rob Kalwarowsky
Cashvertising,Drew Eric Whitman
Chaos,James Gleick
Charisma on Command,Charlie Houpert
Chicago Assyrian Dictionary,Erica Reiner
Chip War: The Fight for the World's Most Critical Technology,Chris Miller
Chronicles: Volume One,Bob Dylan
Climate Capital,Tom Chi
Co-Intelligence,Ethan Mollick
Codex Vaticanus,John M. Styron
Constitution of Liberty,Friedrich Hayek
Darwin's Notebook,Charles Darwin
Day Trading Attention,Gary Vaynerchuk
Days Can Be Sunny for Bunnies and Money,Tish Rabe
Deep Blues,Robert Palmer
Deliver Me from Nowhere,Unknown
Democracy in America,Alexis de Tocqueville
Demon Copperhead,Barbara Kingsolver
Ding-Dong: How a Shark Tank Reject Went to Everyone's Front Door,Jamie Siminoff
Discipline Equals Freedom,Jocko Willink
Dominion,Chad Ripperger
Dominion: The Nature of Diabolic Warfare,Father Chad Ripperger
Don't Tell Me I Can't,Cole Summers
Eat Your Ice Cream: Six Simple Rules for a Long and Healthy Life,Zeke Emanuel
Echoes from Eden,Dax Dasilva
Economic Possibilities for Our Grandchildren,John Maynard Keynes
"Elon Musk: Tesla, SpaceX, and the Quest for a Fantastic Future",Ashlee Vance
Endurance: Shackleton's Incredible Voyage,Alfred Lansing
Enough,John C. Bogle
Entertaining,Martha Stewart
Ether Day,Julie Fenster
Even You Can Meditate,Dan Harris and Seban A. Selassie
Everything I Need to Know I Learned in Kindergarten,Robert Fulghum
Extreme Ownership,Jocko Willink and Leif Babin
Families,Wyatt Cooper
"Far From the Tree: Parents, Children and the Search for Identity",Andrew Solomon
Fear and Loathing on the Campaign Trail '72,Hunter S. Thompson
Fela: This Bitch of a Life,Carlos Moore
Find the Work You're Wired to Do,Ken Coleman
Finite and Infinite Games,James P. Carse
Fintech Dystopia,Hilary Allen
First Principles,Tom Ricks
Five Dysfunctions of a Team: A Leadership Fable,Patrick Lencioni
Ford vs. Ferrari: The Battle for Supremacy at Le Mans,Preston Lerner
Founding Sales,Pete Kazanjy
From Pieces to Weight,50 Cent
From the Ruins of Empire,Pankaj Mishra
Generative AI and Stochastic Thermodynamics,Prof. Max Welling
Genius Makers,Cade Metz
Getting to Yes,"Roger Fisher, William Ury, and Bruce Patton"
Graceland,Paul Simon
Great Artists Steal,Austin Kleon
Great Gatsby: 100th Anniversary Deluxe Edition,F. Scott Fitzgerald
Grit,Angela Duckworth
Hamlet,William Shakespeare
Harry Potter and the Chamber of Secrets,J.K. Rowling
Heat,Michael Mann and Meg Gardiner
High Agency,George Mack
Home Game,Michael Lewis
Home Service Millionaire,Tommy Mello
Hooked: How to Build Habit-Forming Products,Nir Eyal
How Countries Go Broke: The Big Cycle,Ray Dalio
How Not to Die Alone,Logan Ury
How to Be a Leader,Plutarch
How to Change,Katie Milkman
How to Lose Weight in 4 Easy Steps,Aaron Bleyaert
How to Stop Worrying and Start Living,Dale Carnegie
How to Stop a Conspiracy: An Ancient Guide to Saving a Republic,Sallust
I Am That,Nisarga Dada
I Believe Bunny,Tish Rabe
I Will Teach You to Be Rich,Ramit Sethi
I and Thou,Martin Buber
"I'm There For You, Baby",Neil Senturia
Insanely Great,Stephen Levy
Introduction to the Science of Mental Health,Chad Ripperger
Invention: A Life,James Dyson
Investing,Steve
Is This Anything?,Jerry Seinfeld
"Jab, Jab, Jab, Right Hook: How to Tell Your Story in a Noisy Social World",Gary Vaynerchuk
Japan Company Handbook,
Joe Cunningham Quilts,Joe Cunningham
Jogging,Bill Bowerman
Keep Going: 10 Ways to Stay Creative in Good Times or Bad,Austin Kleon
Keynes and the Market,null
Killers of Roe,Amy Littlefield
"Kindness is Caring, Friendship is Sharing",Tish Rabe
"Know Yourself, Know Your Money",Rachel Cruze
Kochland: The Secret History of Koch Industries and Corporate Power in America,Christopher Leonard
Last Man Standing: The Ascent of Jamie Dimon and JPMorgan Chase,Duff McDonald
Leads,Alex Hormozi
Learn Python the Hard Way,Zed A. Shaw
Legal and Political Foundations of Capitalism,Jamee Moudud
Leonardo da Vinci,Walter Isaacson
Les Schwab: Pride in Performance,Les Schwab
Let's Retire Retirement,Derek Coburn
Life Force: How New Breakthroughs in Precision Medicine Can Transform the Quality of Your Life & Those You Love,"Tony Robbins, Peter H. Diamandis, and Robert Hariri"
Life is Luck,John Morgan
Lifespan,David Sinclair
Living with the Seal,"Wim Hof, Koen de Jong"
London Pharmacopoeia,Unknown
Longevity Imperative,Unknown
"Losing Big, America's Reckless Bet on Sports Gambling",Jonathan Cohen
"Love You, Hug You, Read to You",Tish Rabe
Loving What Is,Byron Katie
Magellan: Over the Edge of the World,Laurence Bergreen
"Maker's Schedule, Manager's Schedule",Paul Graham
Manhunt: The 12-Day Chase for Lincoln's Killer,James L. Swanson
Margin of Safety,Seth Klarman
Mastering The Market Cycle,Howard Marks
Meditations,Marcus Aurelius
Minister Without Portfolio: Memoir of a Reluctant Exile,Human Majid
Mistakes Were Made (But Not By Me),Carol Tavris and Elliot Aronson
Money Models,Alex Hormozi
Money for Couples,Unknown (not specified in the transcript)
Money for the Rest of Us,David Stein
Moody's Manual,John Moody
Mother of God,Paul Rosolie
Myers-Briggs Type Indicator Manual,Isabel Briggs Myers and Mary H. McCaulley
Mystic by the Sea,Tish Rabe
Navalmanack,Eric Jorgensen
New Kings of the World,Fatima Bhutto
Notes on Being a Man,null
"Now, Not How",Noah Kagan
Occult Feminism: The Secret History of Women's Liberation,Rachel Wilson
Ogilvy on Advertising,David Ogilvy
On Death and Dying,Elizabeth Kübler-Ross
On Liberty,John Stuart Mill
On Writing,Stephen King
On Writing Well: The Classic Guide to Writing Nonfiction,William Zinsser
Once an Eagle,Anton Myrer
One Up On Wall Street: How To Use What You Already Know To Make Money In The Market,Peter Lynch
Paleo Fitness,Darryl Edwards
Pinot Rocks,Michael Browne
Plato's Republic,Plato
Poor Charlie's Almanack,Charlie Munger
Positioning: The Battle for Your Mind,Al Ries and Jack Trout
Postmortem,Patricia Cornwell
Precious Blood,Jonathan Hayes
Principles for Dealing with the Changing World Order,Ray Dalio
Range: Why Generalists Triumph in a Specialized World,David Epstein
"Ready, Fire, Aim",Michael Masterson (Mark Ford)
"Ready, Fire, Aim: Zero to $100 Million in No Time Flat",Michael Masterson
Reagan: An American Journey,Will Inboden
Real Estate by the Numbers,J. Scott
Red Sky Morning,Jack Carr
Relentlessly Resourceful,Paul Graham
Roosevelt: The Lion and the Fox,James MacGregor Burns
Rose and Tulip Quilts,
Rosencrantz and Guildenstern Are Dead,Tom Stoppard
Running Down a Dream,Dominic Peterson
Running Down a Dream: Your Road Map to Winning Creative Battles,Bill Gurley
SaaStr: From Impossible to Inevitable,Jason Lemkin
Sam Walton: Made in America,Sam Walton
Sapiens: A Brief History of Humankind,Yuval Noah Harari
Savage Son,Jack Carr
Save The Cat,Blake Snyder
Scaling Up,Verne Harnish
Scarpetta,Patricia Cornwell
Schofield Bible,Cyrus I. Scofield
Second Act,Henry Oliver
Secure: The Revolutionary Guide to Creating a Secure Life,"Amir Levine, M.D."
Security Analysis,Benjamin Graham and David Dodd
Seinfeldia: How a Show About Nothing Changed Everything,Jennifer Keishin Armstrong
Self-Renewal,John W. Gardner
Sell Like Crazy,Sabri Suby
Set for Life,Scott Trench
Shadow Work Journal,Unknown
Ship of Gold in the Deep Blue Sea,Gary Kinder
Simple But Not Easy: An Autobiographical and Biographical View of the Investment World,Richard Oldfield
Sludge: What Stops Us from Getting Things Done and What to Do About It,Cass Sunstein
Soldier of Fortune,Tobias Carlisle
Solve Everything,Jonathan Hickman
Songlines,Bruce Chatwin
Songs of Blood and Sword,Fatima Bhutto
Spycatcher,Peter Wright
Start With Yourself,Emma Grede
Steve Jobs,Walter Isaacson
Strength of the Few,James Islington
StrengthsFinder 2.0,Tom Rath
Stuck in Space: An Astronaut's Hope Through the Unexpected,Butch Wilmore
Sugarman's Advertising Secrets,Joe Sugarman
Sweet Dreams,Tish Rabe
Swim with the Sharks Without Being Eaten Alive,Harvey Mackay
Tales of a Grandfather,Walter Scott
Tax Strategies Book Bundle,Amanda Han
Taylor Swift: The Whole Story,Chas Newkey-Burden
The 2-Hour Cocktail Party,Nick Gray
The 4-Hour Workweek,Tim Ferriss
"The 4-Hour Workweek: Escape 9-5, Live Anywhere, and Join the New Rich",Tim Ferriss
The 48 Laws of Power,Robert Greene
The 50th Law,Robert Greene & 50 Cent
The Aki Tree,Hugh Francis Clarke Cleghorn
The Almanack of Naval Ravikant: A Guide to Wealth and Happiness,Eric Jorgenson
The Anabolic Diet,Mauro Di Pasquale
The Anatomy of the Bear,Russell Napier
The Art Thief,Michael Finkel
The Art of Immortality: Joseph Duveen and the American Art Market,Meryle Secrest
The Art of Product Management: Lessons from a Silicon Valley Innovator,Rich Mironov
The Art of Seduction,Robert Greene
The Beato Book,Rick Beato
The Billion Dollar Creator,Nathan Barry
The Bitcoin Standard: The Decentralized Alternative to Central Banking,Saifedean Ammous
The Black Swan,Nassim Taleb
The Blind Side,Michael Lewis
The Book of Enoch,Unknown (traditionally attributed to Enoch)
The Book of Exodus,Various Authors
The Book of Genesis,Various Authors
The Book of Hebrews,Unknown
The Book of James,James the Apostle
The Book of Jonah,Various Authors
The Book of Psalms,Various Authors
The Book of Revelation,John the Apostle
The Boron Letters,Gary Halbert
"The Brain on Dopamine: The Science Behind Motivation, Addiction, and Learning",Daniel Z. Lieberman
The Brus,John Barber
The Caesars Palace Coup,Max Frumes and Sujeet Indap
The Comfort Crisis,Michael Easter
The Contrarian,Max Chafkin
"The Dark Knight Manual: Tools, Weapons, Vehicles and Documents from the Batcave",Brandon T. Snider
The Debugger's Handbook,Jim McKelvey
The Dhandho Investor,Mohnish Pabrai
The E-Myth,Michael Gerber
The Evolution of Human Physical Activity,Daniel Lieberman
The Five Love Languages: How to Express Heartfelt Commitment to Your Mate,Gary Chapman
The Foreword to Anthony Pompliano's Book About Bitcoin,Anthony Pompliano
The Formula,Joshua Robinson and Jonathan Clegg
The Future Begins with Z: Nine Strategies to Lead Generation Z as They Disrupt the Workplace,Tim Elmore
The Future of Truth,Werner Herzog
The Gambler,William C. Rempel
The Game: Penetrating the Secret Society of Pickup Artists,Neil Strauss
The Geneva Bible,Various Authors
The Gentle Art of Making Enemies,James McNeill Whistler
The God Delusion,Richard Dawkins
The Godfather,Mario Puzo
The Gospel of Luke,Various Authors
The Great CEO Within,Matt Mochary
The Grown-Up Land: Germany Without America,Diana West
The Hero with a Thousand Faces,Joseph Campbell
The Holy Grail of Investing,Tony Robbins
The Hour of the Wolf,Fatima Bhutto
The Hybrid Athlete,Alex Viada
The Internet of Money,Andreas M. Antonopoulos
The Lie Detectives: A Playbook for Winning Elections in the Disinformation Age,Sasha Issenberg
The Life of Samuel Johnson,James Boswell
The Longevity Imperative,Andrew J. Scott
The Magical State,Fernando Coronil
The Making of the Atomic Bomb,Richard Rhodes
The Mars and Hershey Wars: The Inside Story of the $30 Billion Candy Giants,Joël Glenn Brenner
The Martian,Andy Weir
The Math Academy Way,null
The Mattering Instinct: How Our Deepest Longing Drives Us and Divides Us,Rebecca Newberger Goldstein
The Melting Pot,Israel Zangwill
The Memory Illusion,Julia Shaw
The Mind-Body Problem,Rebecca Newberger Goldstein
The Miracle Morning,Hal Elrod
The Mom Test,Rob Fitzpatrick
The Moody's Manual,Moody's Investors Service
The Murder of Roger Ackroyd,Agatha Christie
The Mysterious Case of Rudolf Diesel,Douglas Brunt
The Mystery of Capital,Hernando de Soto
The New Attachment Theory: Heal Every Relationship by Rewiring Your Brain and Nervous System,Thais Gibson
The New Journalism,Tom Wolfe
The New New Journalism,Robert S. Boynton
The Nick Sleep Letters,Nick Sleep
The Offers Book,Alex Hormozi
The One Minute Manager,Ken Blanchard and Spencer Johnson
The Other Side of Change,Maya Shankar
The Outsiders,William N. Thorndike
The Paradox of Declining Female Happiness,Betsey Stevenson and Justin Wolfers
The Positive Intent Mindset,Amir Kaise
The Positive Intent Mindset: Exceptional Leadership Through Trust and Accountability,Amir Kaissi
The Power of One More,Ed Mylett
The Price of Everything: Sol Price and the Creation of Costco,Jeffrey J. Kripal
The Proximity Principle,Ken Coleman
The Psychology of Money,Morgan Housel
The Puzzle of Personality,Unknown
The Quran,Various Authors
The RLHF Book,Nathan Lambert
The Rest of the Iceberg: An Insider’s View on the World of Sports and Celebrity,Robert Smith
The Rolex Story,Gisbert L. Brunner
The Seasons of Life,Jim Rohn
The Seven Power Contractor,Al Levy
The Sheikh CEO,Dr. Yasar Jarrar
The Simple Path to Wealth,J.L. Collins
The Sneetches and Other Stories,Dr. Seuss
The Souls of Black Folk,W. E. B. Du Bois
The Sovereign Individual,James Dale Davidson and William Rees-Mogg
The Startup Owner's Manual: The Step-By-Step Guide for Building a Great Company,Steve Blank
The Subtle Art of Not Giving a F*ck,Mark Manson
The Successful Novelist,David Morrell
The Therapeutic State,James L. Nolan Jr.
The Tipping Point: How Little Things Can Make a Big Difference,Malcolm Gladwell
The Torah,Various Authors
The Triple Package,Amy Chua and Jed Rubenfeld
The True Believer,Eric Hoffer
The Two-Hour Cocktail Party,Nick Gray
The Tyranny of Oil,Antonia Juhasz
The Ultimate Sales Letter: Attract New Customers. Boost Your Sales.,Dan S. Kennedy
The Undoing Project,Michael Lewis
The Upside of Your Dark Side,Todd Kashdan and Robert Biswas-Diener
The Upswing: How We Came Together a Century Ago and How We Can Do It Again,"Robert D Putnam, Shaylyn Romney Garrett"
The Use of Knowledge in Society,Friedrich Hayek
The Value Equation,Alex Hormozi
The Voice in My Head is God,2Chainz
The Wallace,Blind Harry
The War Scroll,Unknown
The Wealth Ladder,Nick Maggiulli
The Wealthy Barber,David Chilton
The Will of the Many,James Islington
The Wisdom of the Hive: The Social Physiology of Honeybee Colonies,Thomas D. Seeley
The Work,Byron Katie
The World of Yesterday,Stefan Zweig
Theory of Moral Sentiments,Adam Smith
There Is Nothing For You Here,Fiona Hill
There’s a Treasure Inside,John Collins Black
They're Made Out of Meat,Terry Bisson
This Is Water,David Foster Wallace
Tiny Experiments,Anne-Laure Le Cunff
"Titan: The Life of John D. Rockefeller, Sr.",Ron Chernow
"Too Sensitive: Rejection, Resilience, and the Science of Feeling Deeply",Sasha Hamdani
Traction: Get a Grip on Your Business,Gino Wickman
Traction: How Any Startup Can Achieve Explosive Customer Growth,Justin Mares and Gabriel Weinberg
Trading at the Speed of Light,Donald MacKenzie
Transcend: The New Science of Self-Actualization,Scott Barry Kaufman
Travels in Corsica,William Keith Leask
Triggers: 30 Sales Tools You Can Use to Control the Mind of Your Prospect,Joe Sugarman
Unabridged: The Thrill of and Threat to Modern Dictionaries,Stefan Fatsis
Understanding Media: The Extensions of Man,Marshall McLuhan
Understanding the Matthew Effect,Mark Wilburn
Uneducated: My Life as a Teacher and Why You Should Never Become One,Francis Foster
Ungifted: Intelligence Redefined,Scott Barry Kaufman
Unleash the Power Within,Tony Robbins
Unshakeable: Your Financial Freedom Playbook,Tony Robbins
Vaccines and Men,Aaron Siri
Vaccines: Amen,Aaron Siri
Vec As In Wreck,Bill Veeck
Vibe Coding,Steve Yegge and Gene Kim
War Games,David Bischoff
War of Art,Steven Pressfield
War of the Worlds,H.G. Wells
Warhammer: The Horus Heresy,Games Workshop
Warn,Sophie Tannhauser
Warren Buffett and the Interpretation of Financial Statements,Mary Buffett and David Clark
We Are the Bad Guys,Michael Lester
Wealthy Barber,David Chilton
Weapons of Mass Instruction,John Taylor Gatto
Well Endowed,Vivian Tu
Werewolves in Their Youth,Michael Chabon
What Would Charles Darwin Think About Clean Slate Architectures?,Unknown
What to Make of a Life,Jim Collins
Where Are the Customers’ Yachts?,Fred Schwed Jr.
Where We Keep the Light: Stories from a Life of Service,Josh Shapiro
Who Killed Jane Stanford?,Richard White
Who Moved My Cheese?,Spencer Johnson
Why Fish Don’t Exist,Lulu Miller
Wild Problems,Russ Roberts
Windswept House: A Vatican Novel,Malachi Martin
Winning,Tim Grover
Wisdom Wide and Deep,Shaila Catherine
"Witches, Feminism, and the Fall of the West",Edward Dutton
"Words That Work: It's Not What You Say, It's What People Hear",Frank Luntz
Worn: A People's History of Clothing,Sofi Thanhauser
You Can Be a Stock Market Genius,Joel Greenblatt
You Can't Teach Hungry,John Morgan
You Can't Teach Vision,John Morgan
You Could Be Having Better Sex,Dr. Nicole McNichols
You Have More Influence Than You Think,Vanessa Bohns
You Need a Budget,Jesse Mecham
You to the Power of Two: Redefining Human Potential in the Age of Identic AI,"Joseph Bradley, Don Tapscott"
"Young Forever: The Secrets to Living Your Longest, Healthiest Life",Mark Hyman
Young Man in a Hurry,Gavin Newsom
Your Individual Empire,Gary Vaynerchuk
Your Life in Weeks,Tim Urban
Your Personal Paleo Code,Chris Kresser
Zeckendorf,William Zeckendorf
"Zero to One: Notes on Startups, or How to Build the Future",Peter Thiel
"iGen: Why Today's Super-Connected Kids Are Growing Up Less Rebellious, More Tolerant, Less Happy - and Completely Unprepared for Adulthood",Jean M. Twenge
